{"cameraMode":{"drawMode":0,"name":"Shaded","section":"Shading Mode"},"sceneLighting":true,"audioPlay":false,"sceneViewState":{"showFog":true,"showMaterialUpdate":false,"showSkybox":true,"showFlares":true,"showImageEffects":true,"showParticleSystems":true},"in2DMode":false,"pivot":{"x":-76.39157104492188,"y":-1.1644916534423829,"z":23.983505249023439},"rotation":{"x":-0.056359462440013888,"y":-0.9222909212112427,"z":0.3528487980365753,"w":-0.14731453359127046},"size":19.409860610961915,"orthographic":false}